Workbook

Sheet 概览
B2: B 站首页视频清单 · 数据概览
B3: 数据来源：bilibili 首页推荐流（网页端推荐接口）
B4: 采集时间：2026-08-04（北京时间）
B5: 样本量：60 条去重后的推荐视频
B7: 指标 | C7: 数值
B8: 视频总数 | C8: =COUNTA(视频清单!B2:B61)
B9: UP 主数量 | C9: =SUMPRODUCT((视频清单!C2:C61<>"")/COUNTIF(视频清单!C2:C61,视频清单!C2:C61&""))
B10: 内容方向数 | C10: =COUNTA(内容方向统计!A2:A12)
B11: 总播放量 | C11: =SUM(视频清单!E2:E61)
B12: 单条平均播放量 | C12: =AVERAGE(视频清单!E2:E61)
B13: 播放量中位数 | C13: =MEDIAN(视频清单!E2:E61)
B14: 最高播放量 | C14: =MAX(视频清单!E2:E61)
B15: 最低播放量 | C15: =MIN(视频清单!E2:E61)
B16: 总点赞数 | C16: =SUM(视频清单!F2:F61)
B17: 总弹幕数 | C17: =SUM(视频清单!G2:G61)
B18: 平均点赞率 | C18: =SUM(视频清单!F2:F61)/SUM(视频清单!E2:E61)
B19: 时长中位数（分钟） | C19: =MEDIAN(视频清单!H2:H61)/60
B20: 最长视频（分钟） | C20: =MAX(视频清单!H2:H61)/60
B21: 最短视频（秒） | C21: =MIN(视频清单!H2:H61)
B22: 5 分钟以内的视频数 | C22: =COUNTIF(视频清单!H2:H61,"<=300")
B23: 20 分钟以上的视频数 | C23: =COUNTIF(视频清单!H2:H61,">1200")
B25: 说明与假设
B26: 1. 数据由 bilibili 首页推荐接口返回，推荐流因人因时而异，本表仅代表 2026-08-04 这一次采集的结果。
B27: 2. “内容方向”一列为人工按标题归类，不是 B 站官方分区，共 11 类。
B28: 3. 播放/点赞/弹幕为采集当时的快照值，会随时间变化。
B29: 4. 时长中位数优于平均值：样本中有一条 17 小时的影视解说，会把平均时长拉高到 28 分钟。
B30: 5. 本表所有汇总数值均为公式计算，修改「视频清单」后会自动更新。

Sheet 视频清单
A1: 序号 | B1: 标题 | C1: UP 主 | D1: 内容方向 | E1: 播放量 | F1: 点赞数 | G1: 弹幕数 | H1: 时长（秒） | I1: 时长 | J1: 发布日期 | K1: 点赞率 | L1: BV 号 | M1: 链接
A2: 1 | B2: 大庆赶海，大海退潮后发现大个的竹节蛏眼，撒上一点盐往外跑 | C2: 大庆赶海 | D2: 美食生活 | E2: 10672690 | F2: 209617 | G2: 2096 | H2: 385 | I2: =TEXT(H2/86400,"[h]:mm:ss") | J2: 46228 | K2: =IF(E2=0,"",F2/E2) | L2: BV1wj3M69EuL | M2: https://www.bilibili.com/video/BV1wj3M69EuL
A3: 2 | B3: 我的世界硬核生存！【缆车末日惊变100天】p1 我被困在了充满丧尸的1千米高空缆车上！ | C3: Q弹的果冻c | D3: 游戏 | E3: 8623748 | F3: 393182 | G3: 12492 | H3: 1614 | I3: =TEXT(H3/86400,"[h]:mm:ss") | J3: 46224 | K3: =IF(E3=0,"",F3/E3) | L3: BV1kbKb6qEba | M3: https://www.bilibili.com/video/BV1kbKb6qEba
A4: 3 | B4: 中国人能飞 | C4: 鸡鸡·夫斯基 | D4: 娱乐鬼畜 | E4: 7232935 | F4: 391560 | G4: 17882 | H4: 87 | I4: =TEXT(H4/86400,"[h]:mm:ss") | J4: 46227 | K4: =IF(E4=0,"",F4/E4) | L4: BV1iKgv6HEgJ | M4: https://www.bilibili.com/video/BV1iKgv6HEgJ
A5: 4 | B5: 我做的成吉思鸡，加入18种香料，太好吃啦 | C5: 咸鱼梦想家vlog | D5: 美食生活 | E5: 5640834 | F5: 151322 | G5: 9113 | H5: 284 | I5: =TEXT(H5/86400,"[h]:mm:ss") | J5: 46230 | K5: =IF(E5=0,"",F5/E5) | L5: BV1n23F6wEHg | M5: https://www.bilibili.com/video/BV1n23F6wEHg
A6: 5 | B6: 【独家】牧神记 第93集 弑帝 | C6: 哔哩哔哩国创 | D6: 动画二次元 | E6: 5447014 | F6: 61930 | G6: 25431 | H6: 1317 | I6: =TEXT(H6/86400,"[h]:mm:ss") | J6: 46229 | K6: =IF(E6=0,"",F6/E6) | L6: BV1Dr3g65EJ2 | M6: https://www.bilibili.com/video/BV1Dr3g65EJ2
A7: 6 | B7: 同时让10000入侵物种，进行大混战，最终能否决出入侵之王？！ | C7: 蔡武年 | D7: 知识科普 | E7: 5416136 | F7: 112788 | G7: 1634 | H7: 537 | I7: =TEXT(H7/86400,"[h]:mm:ss") | J7: 46227 | K7: =IF(E7=0,"",F7/E7) | L7: BV1sogS6yEpm | M7: https://www.bilibili.com/video/BV1sogS6yEpm
A8: 7 | B8: 我们拍到了水下风暴 | C8: 影视飓风 | D8: 科技数码 | E8: 5393281 | F8: 345535 | G8: 20121 | H8: 1488 | I8: =TEXT(H8/86400,"[h]:mm:ss") | J8: 46234 | K8: =IF(E8=0,"",F8/E8) | L8: BV1c7GA6kEqN | M8: https://www.bilibili.com/video/BV1c7GA6kEqN
A9: 8 | B9: 全新开箱！我居然买到了德军的HK G28精确射手步枪？ | C9: JaegerZ999官方账号 | D9: 知识科普 | E9: 5228424 | F9: 156909 | G9: 3150 | H9: 439 | I9: =TEXT(H9/86400,"[h]:mm:ss") | J9: 46230 | K9: =IF(E9=0,"",F9/E9) | L9: BV1ry3w6gEns | M9: https://www.bilibili.com/video/BV1ry3w6gEns
A10: 9 | B10: 在机密开972万的反应堆总控核心！爆率究竟会怎样？ | C10: 哈基蜂三角洲行动 | D10: 游戏 | E10: 5200775 | F10: 64982 | G10: 2222 | H10: 685 | I10: =TEXT(H10/86400,"[h]:mm:ss") | J10: 46229 | K10: =IF(E10=0,"",F10/E10) | L10: BV16ag96jE7L | M10: https://www.bilibili.com/video/BV16ag96jE7L
A11: 10 | B11: 宗 主 连 携 技 | C11: 自动鬼畜中的WZ | D11: 娱乐鬼畜 | E11: 4289917 | F11: 447443 | G11: 6102 | H11: 140 | I11: =TEXT(H11/86400,"[h]:mm:ss") | J11: 46235 | K11: =IF(E11=0,"",F11/E11) | L11: BV1Nr3s6rE79 | M11: https://www.bilibili.com/video/BV1Nr3s6rE79
A12: 11 | B12: 大坏狐狸的故事抽象中配 大结局 | C12: Coulson不讲李 | D12: 娱乐鬼畜 | E12: 4230543 | F12: 164070 | G12: 560 | H12: 224 | I12: =TEXT(H12/86400,"[h]:mm:ss") | J12: 46227 | K12: =IF(E12=0,"",F12/E12) | L12: BV1WWgh6WE9D | M12: https://www.bilibili.com/video/BV1WWgh6WE9D
A13: 12 | B13: 《我落泪情绪零碎》 | C13: 王濛 | D13: 娱乐鬼畜 | E13: 4070991 | F13: 80382 | G13: 59957 | H13: 293 | I13: =TEXT(H13/86400,"[h]:mm:ss") | J13: 46200 | K13: =IF(E13=0,"",F13/E13) | L13: BV13o7W6PEcJ | M13: https://www.bilibili.com/video/BV13o7W6PEcJ
... A61: 60 | B61: 2万欧战车，整顿纽北～ | C61: 键盘车神教 | D61: 汽车 | E61: 81973 | F61: 7149 | G61: 679 | H61: 880 | I61: =TEXT(H61/86400,"[h]:mm:ss") | J61: 46237 | K61: =IF(E61=0,"",F61/E61) | L61: BV1rDMQ6BEqo | M61: https://www.bilibili.com/video/BV1rDMQ6BEqo
B63: 排序：按播放量降序。第 9 列「时长」与第 11 列「点赞率」为公式列，由第 8/5/6 列计算得出。

Sheet 内容方向统计
A1: 内容方向 | B1: 视频数 | C1: 占比 | D1: 总播放量 | E1: 平均播放量 | F1: 总点赞数 | G1: 平均点赞率
A2: 美食生活 | B2: =COUNTIF(视频清单!$D$2:$D$61,$A2) | C2: =B2/SUM($B$2:$B$12) | D2: =SUMIF(视频清单!$D$2:$D$61,$A2,视频清单!$E$2:$E$61) | E2: =IF(B2=0,"",D2/B2) | F2: =SUMIF(视频清单!$D$2:$D$61,$A2,视频清单!$F$2:$F$61) | G2: =IF(D2=0,"",F2/D2)
A3: 娱乐鬼畜 | B3: =COUNTIF(视频清单!$D$2:$D$61,$A3) | C3: =B3/SUM($B$2:$B$12) | D3: =SUMIF(视频清单!$D$2:$D$61,$A3,视频清单!$E$2:$E$61) | E3: =IF(B3=0,"",D3/B3) | F3: =SUMIF(视频清单!$D$2:$D$61,$A3,视频清单!$F$2:$F$61) | G3: =IF(D3=0,"",F3/D3)
A4: 动画二次元 | B4: =COUNTIF(视频清单!$D$2:$D$61,$A4) | C4: =B4/SUM($B$2:$B$12) | D4: =SUMIF(视频清单!$D$2:$D$61,$A4,视频清单!$E$2:$E$61) | E4: =IF(B4=0,"",D4/B4) | F4: =SUMIF(视频清单!$D$2:$D$61,$A4,视频清单!$F$2:$F$61) | G4: =IF(D4=0,"",F4/D4)
A5: 知识科普 | B5: =COUNTIF(视频清单!$D$2:$D$61,$A5) | C5: =B5/SUM($B$2:$B$12) | D5: =SUMIF(视频清单!$D$2:$D$61,$A5,视频清单!$E$2:$E$61) | E5: =IF(B5=0,"",D5/B5) | F5: =SUMIF(视频清单!$D$2:$D$61,$A5,视频清单!$F$2:$F$61) | G5: =IF(D5=0,"",F5/D5)
A6: 音乐 | B6: =COUNTIF(视频清单!$D$2:$D$61,$A6) | C6: =B6/SUM($B$2:$B$12) | D6: =SUMIF(视频清单!$D$2:$D$61,$A6,视频清单!$E$2:$E$61) | E6: =IF(B6=0,"",D6/B6) | F6: =SUMIF(视频清单!$D$2:$D$61,$A6,视频清单!$F$2:$F$61) | G6: =IF(D6=0,"",F6/D6)
A7: 社会时政 | B7: =COUNTIF(视频清单!$D$2:$D$61,$A7) | C7: =B7/SUM($B$2:$B$12) | D7: =SUMIF(视频清单!$D$2:$D$61,$A7,视频清单!$E$2:$E$61) | E7: =IF(B7=0,"",D7/B7) | F7: =SUMIF(视频清单!$D$2:$D$61,$A7,视频清单!$F$2:$F$61) | G7: =IF(D7=0,"",F7/D7)
A8: 影视解说 | B8: =COUNTIF(视频清单!$D$2:$D$61,$A8) | C8: =B8/SUM($B$2:$B$12) | D8: =SUMIF(视频清单!$D$2:$D$61,$A8,视频清单!$E$2:$E$61) | E8: =IF(B8=0,"",D8/B8) | F8: =SUMIF(视频清单!$D$2:$D$61,$A8,视频清单!$F$2:$F$61) | G8: =IF(D8=0,"",F8/D8)
A9: 游戏 | B9: =COUNTIF(视频清单!$D$2:$D$61,$A9) | C9: =B9/SUM($B$2:$B$12) | D9: =SUMIF(视频清单!$D$2:$D$61,$A9,视频清单!$E$2:$E$61) | E9: =IF(B9=0,"",D9/B9) | F9: =SUMIF(视频清单!$D$2:$D$61,$A9,视频清单!$F$2:$F$61) | G9: =IF(D9=0,"",F9/D9)
A10: 科技数码 | B10: =COUNTIF(视频清单!$D$2:$D$61,$A10) | C10: =B10/SUM($B$2:$B$12) | D10: =SUMIF(视频清单!$D$2:$D$61,$A10,视频清单!$E$2:$E$61) | E10: =IF(B10=0,"",D10/B10) | F10: =SUMIF(视频清单!$D$2:$D$61,$A10,视频清单!$F$2:$F$61) | G10: =IF(D10=0,"",F10/D10)
A11: 汽车 | B11: =COUNTIF(视频清单!$D$2:$D$61,$A11) | C11: =B11/SUM($B$2:$B$12) | D11: =SUMIF(视频清单!$D$2:$D$61,$A11,视频清单!$E$2:$E$61) | E11: =IF(B11=0,"",D11/B11) | F11: =SUMIF(视频清单!$D$2:$D$61,$A11,视频清单!$F$2:$F$61) | G11: =IF(D11=0,"",F11/D11)
A12: 体育 | B12: =COUNTIF(视频清单!$D$2:$D$61,$A12) | C12: =B12/SUM($B$2:$B$12) | D12: =SUMIF(视频清单!$D$2:$D$61,$A12,视频清单!$E$2:$E$61) | E12: =IF(B12=0,"",D12/B12) | F12: =SUMIF(视频清单!$D$2:$D$61,$A12,视频清单!$F$2:$F$61) | G12: =IF(D12=0,"",F12/D12)
A13: 合计 | B13: =SUM(B2:B12) | C13: =SUM(C2:C12) | D13: =SUM(D2:D12) | E13: =IF(B13=0,"",D13/B13) | F13: =SUM(F2:F12) | G13: =IF(D13=0,"",F13/D13)
A15: 「内容方向」为按标题人工归类，非 B 站官方分区；本表各列均由「视频清单」用 COUNTIF/SUMIF 计算得出。
